Id,Reg_No,SEM,Sub_Id,Grade_Value,Section
1,139105001,5,9,4,1
2,139105001,5,17,3,1
3,139105001,5,10,5,1
4,139105001,5,11,4,1
5,139105001,5,12,4,1
6,139105001,5,13,4,1
7,139105001,5,18,4,1
8,139105001,5,20,4,1
9,139105002,5,9,4,1
10,139105002,5,17,3,1
11,139105002,5,10,4,1
12,139105002,5,11,3,1
13,139105002,5,12,3,1
14,139105002,5,13,5,1
15,139105002,5,18,4,1
16,139105002,5,20,4,1
17,139105004,5,9,2,1
18,139105004,5,17,3,1
19,139105004,5,10,4,1
20,139105004,5,11,3,1
21,139105004,5,12,1,1
22,139105004,5,13,1,1
23,139105004,5,18,2,1
24,139105004,5,20,2,1
25,139105005,5,9,2,1
26,139105005,5,17,5,1
27,139105005,5,10,5,1
28,139105005,5,11,3,1
29,139105005,5,12,3,1
30,139105005,5,13,3,1
31,139105005,5,18,3,1
32,139105005,5,20,4,1
33,139105014,5,9,3,1
34,139105014,5,17,4,1
35,139105014,5,10,4,1
36,139105014,5,11,3,1
37,139105014,5,12,3,1
38,139105014,5,13,3,1
39,139105014,5,18,2,1
40,139105014,5,20,2,1
41,139105016,5,9,2,1
42,139105016,5,17,5,1
43,139105016,5,10,4,1
44,139105016,5,11,4,1
45,139105016,5,12,4,1
46,139105016,5,13,3,1
47,139105016,5,18,2,1
48,139105016,5,20,3,1
49,139105020,5,9,2,1
50,139105020,5,17,2,1
51,139105020,5,10,1,1
52,139105020,5,11,1,1
53,139105020,5,12,1,1
54,139105020,5,13,2,1
55,139105020,5,18,2,1
56,139105020,5,20,3,1
57,139105022,5,9,1,1
58,139105022,5,17,3,1
59,139105022,5,10,1,1
60,139105022,5,11,1,1
61,139105022,5,12,1,1
62,139105022,5,13,2,1
63,139105022,5,18,2,1
64,139105022,5,20,2,1
65,139105034,5,9,3,1
66,139105034,5,17,4,1
67,139105034,5,10,3,1
68,139105034,5,11,1,1
69,139105034,5,12,4,1
70,139105034,5,13,4,1
71,139105034,5,18,4,1
72,139105034,5,20,4,1
73,139105038,5,9,5,1
74,139105038,5,17,5,1
75,139105038,5,10,6,1
76,139105038,5,11,5,1
77,139105038,5,12,4,1
78,139105038,5,13,5,1
79,139105038,5,18,4,1
80,139105038,5,20,4,1
81,139105042,5,9,1,1
82,139105042,5,17,3,1
83,139105042,5,10,1,1
84,139105042,5,11,1,1
85,139105042,5,12,2,1
86,139105042,5,13,1,1
87,139105042,5,18,3,1
88,139105042,5,20,4,1
89,139105058,5,9,3,1
90,139105058,5,17,4,1
91,139105058,5,10,2,1
92,139105058,5,11,4,1
93,139105058,5,12,3,1
94,139105058,5,13,3,1
95,139105058,5,18,4,1
96,139105058,5,20,5,1
97,139105064,5,9,2,1
98,139105064,5,17,6,1
99,139105064,5,10,5,1
100,139105064,5,11,4,1
101,139105064,5,12,3,1
102,139105064,5,13,4,1
103,139105064,5,18,1,1
104,139105064,5,20,4,1
105,139105066,5,9,4,1
106,139105066,5,17,4,1
107,139105066,5,10,3,1
108,139105066,5,11,2,1
109,139105066,5,12,4,1
110,139105066,5,13,1,1
111,139105066,5,18,5,1
112,139105066,5,20,5,1
113,139105068,5,9,3,1
114,139105068,5,17,3,1
115,139105068,5,10,3,1
116,139105068,5,11,3,1
117,139105068,5,12,5,1
118,139105068,5,13,4,1
119,139105068,5,18,4,1
120,139105068,5,20,4,1
121,139105070,5,9,2,1
122,139105070,5,17,5,1
123,139105070,5,10,4,1
124,139105070,5,11,3,1
125,139105070,5,12,1,1
126,139105070,5,13,3,1
127,139105070,5,18,3,1
128,139105070,5,20,4,1
129,139105074,5,9,5,1
130,139105074,5,17,4,1
131,139105074,5,10,5,1
132,139105074,5,11,6,1
133,139105074,5,12,5,1
134,139105074,5,13,3,1
135,139105074,5,18,5,1
136,139105074,5,20,5,1
137,139105076,5,9,4,1
138,139105076,5,17,5,1
139,139105076,5,10,4,1
140,139105076,5,11,5,1
141,139105076,5,12,6,1
142,139105076,5,13,5,1
143,139105076,5,18,3,1
144,139105076,5,20,6,1
145,139105082,5,9,4,1
146,139105082,5,17,4,1
147,139105082,5,10,2,1
148,139105082,5,11,4,1
149,139105082,5,12,6,1
150,139105082,5,13,4,1
151,139105082,5,18,3,1
152,139105082,5,20,5,1
153,139105086,5,9,1,1
154,139105086,5,17,5,1
155,139105086,5,10,5,1
156,139105086,5,11,2,1
157,139105086,5,12,1,1
158,139105086,5,13,1,1
159,139105086,5,18,1,1
160,139105086,5,20,2,1
161,139105088,5,9,3,1
162,139105088,5,17,4,1
163,139105088,5,10,4,1
164,139105088,5,11,5,1
165,139105088,5,12,3,1
166,139105088,5,13,5,1
167,139105088,5,18,2,1
168,139105088,5,20,5,1
169,139105090,5,9,1,1
170,139105090,5,17,2,1
171,139105090,5,10,1,1
172,139105090,5,11,2,1
173,139105090,5,12,4,1
174,139105090,5,13,1,1
175,139105090,5,18,3,1
176,139105090,5,20,4,1
177,139105096,5,9,5,1
178,139105096,5,17,6,1
179,139105096,5,10,6,1
180,139105096,5,11,6,1
181,139105096,5,12,4,1
182,139105096,5,13,5,1
183,139105096,5,18,6,1
184,139105096,5,20,6,1
185,139105102,5,9,4,1
186,139105102,5,17,5,1
187,139105102,5,10,6,1
188,139105102,5,11,4,1
189,139105102,5,12,4,1
190,139105102,5,13,3,1
191,139105102,5,18,4,1
192,139105102,5,20,4,1
193,139105112,5,9,3,1
194,139105112,5,17,3,1
195,139105112,5,10,2,1
196,139105112,5,11,4,1
197,139105112,5,12,5,1
198,139105112,5,13,2,1
199,139105112,5,18,4,1
200,139105112,5,20,4,1
201,139105114,5,9,4,1
202,139105114,5,17,2,1
203,139105114,5,10,2,1
204,139105114,5,11,1,1
205,139105114,5,12,4,1
206,139105114,5,13,4,1
207,139105114,5,18,4,1
208,139105114,5,20,4,1
209,139105116,5,9,1,1
210,139105116,5,17,4,1
211,139105116,5,10,2,1
212,139105116,5,11,2,1
213,139105116,5,12,2,1
214,139105116,5,13,1,1
215,139105116,5,18,3,1
216,139105116,5,20,4,1
217,139105118,5,9,6,1
218,139105118,5,17,6,1
219,139105118,5,10,5,1
220,139105118,5,11,5,1
221,139105118,5,12,6,1
222,139105118,5,13,5,1
223,139105118,5,18,4,1
224,139105118,5,20,4,1
225,139105138,5,9,5,1
226,139105138,5,17,4,1
227,139105138,5,10,4,1
228,139105138,5,11,5,1
229,139105138,5,12,7,1
230,139105138,5,13,4,1
231,139105138,5,18,6,1
232,139105138,5,20,4,1
233,139105142,5,9,3,1
234,139105142,5,17,5,1
235,139105142,5,10,4,1
236,139105142,5,11,4,1
237,139105142,5,12,5,1
238,139105142,5,13,4,1
239,139105142,5,18,5,1
240,139105142,5,20,6,1
241,139105144,5,9,3,1
242,139105144,5,17,4,1
243,139105144,5,10,5,1
244,139105144,5,11,5,1
245,139105144,5,12,6,1
246,139105144,5,13,3,1
247,139105144,5,18,4,1
248,139105144,5,20,5,1
249,139105146,5,9,4,1
250,139105146,5,17,5,1
251,139105146,5,10,4,1
252,139105146,5,11,5,1
253,139105146,5,12,6,1
254,139105146,5,13,4,1
255,139105146,5,18,3,1
256,139105146,5,20,6,1
257,139105150,5,9,3,1
258,139105150,5,17,4,1
259,139105150,5,10,4,1
260,139105150,5,11,6,1
261,139105150,5,12,1,1
262,139105150,5,13,4,1
263,139105150,5,18,3,1
264,139105150,5,20,6,1
265,139105154,5,9,5,1
266,139105154,5,17,4,1
267,139105154,5,10,3,1
268,139105154,5,11,6,1
269,139105154,5,12,4,1
270,139105154,5,13,4,1
271,139105154,5,18,6,1
272,139105154,5,20,6,1
273,139105162,5,9,6,1
274,139105162,5,17,3,1
275,139105162,5,10,6,1
276,139105162,5,11,6,1
277,139105162,5,12,7,1
278,139105162,5,13,4,1
279,139105162,5,18,5,1
280,139105162,5,20,4,1
281,139105170,5,9,4,1
282,139105170,5,17,3,1
283,139105170,5,10,2,1
284,139105170,5,11,3,1
285,139105170,5,12,2,1
286,139105170,5,13,2,1
287,139105170,5,18,4,1
288,139105170,5,20,5,1
289,139105172,5,9,5,1
290,139105172,5,17,4,1
291,139105172,5,10,6,1
292,139105172,5,11,5,1
293,139105172,5,12,5,1
294,139105172,5,13,5,1
295,139105172,5,18,2,1
296,139105172,5,20,4,1
297,139105180,5,9,6,1
298,139105180,5,17,5,1
299,139105180,5,10,5,1
300,139105180,5,11,6,1
301,139105180,5,12,5,1
302,139105180,5,13,4,1
303,139105180,5,18,5,1
304,139105180,5,20,5,1
305,139105190,5,9,2,1
306,139105190,5,17,2,1
307,139105190,5,10,2,1
308,139105190,5,11,2,1
309,139105190,5,12,2,1
310,139105190,5,13,2,1
311,139105190,5,18,1,1
312,139105190,5,20,2,1
313,139105194,5,9,6,1
314,139105194,5,17,5,1
315,139105194,5,10,4,1
316,139105194,5,11,4,1
317,139105194,5,12,7,1
318,139105194,5,13,3,1
319,139105194,5,18,5,1
320,139105194,5,20,5,1
321,139105198,5,9,1,1
322,139105198,5,17,3,1
323,139105198,5,10,3,1
324,139105198,5,11,4,1
325,139105198,5,12,4,1
326,139105198,5,13,2,1
327,139105198,5,18,4,1
328,139105198,5,20,4,1
329,139105204,5,9,4,1
330,139105204,5,17,4,1
331,139105204,5,10,5,1
332,139105204,5,11,3,1
333,139105204,5,12,2,1
334,139105204,5,13,3,1
335,139105204,5,18,2,1
336,139105204,5,20,1,1
337,139105212,5,9,4,1
338,139105212,5,17,4,1
339,139105212,5,10,4,1
340,139105212,5,11,5,1
341,139105212,5,12,4,1
342,139105212,5,13,3,1
343,139105212,5,18,4,1
344,139105212,5,20,4,1
345,139105214,5,9,3,1
346,139105214,5,17,3,1
347,139105214,5,10,2,1
348,139105214,5,11,2,1
349,139105214,5,12,3,1
350,139105214,5,13,2,1
351,139105214,5,18,1,1
352,139105214,5,20,2,1
353,139105216,5,9,4,1
354,139105216,5,17,3,1
355,139105216,5,10,2,1
356,139105216,5,11,4,1
357,139105216,5,12,3,1
358,139105216,5,13,2,1
359,139105216,5,18,2,1
360,139105216,5,20,4,1
361,139105220,5,9,4,1
362,139105220,5,17,4,1
363,139105220,5,10,2,1
364,139105220,5,11,3,1
365,139105220,5,12,4,1
366,139105220,5,13,2,1
367,139105220,5,18,6,1
368,139105220,5,20,4,1
369,139105238,5,9,1,1
370,139105238,5,17,3,1
371,139105238,5,10,1,1
372,139105238,5,11,2,1
373,139105238,5,12,3,1
374,139105238,5,13,1,1
375,139105238,5,18,2,1
376,139105238,5,20,4,1
377,139105240,5,9,5,1
378,139105240,5,17,4,1
379,139105240,5,10,5,1
380,139105240,5,11,5,1
381,139105240,5,12,6,1
382,139105240,5,13,3,1
383,139105240,5,18,6,1
384,139105240,5,20,6,1
385,139105246,5,9,4,1
386,139105246,5,17,4,1
387,139105246,5,10,5,1
388,139105246,5,11,5,1
389,139105246,5,12,1,1
390,139105246,5,13,4,1
391,139105246,5,18,4,1
392,139105246,5,20,4,1
393,139105248,5,9,6,1
394,139105248,5,17,6,1
395,139105248,5,10,4,1
396,139105248,5,11,6,1
397,139105248,5,12,4,1
398,139105248,5,13,3,1
399,139105248,5,18,5,1
400,139105248,5,20,4,1
401,139105250,5,9,6,1
402,139105250,5,17,6,1
403,139105250,5,10,5,1
404,139105250,5,11,4,1
405,139105250,5,12,6,1
406,139105250,5,13,5,1
407,139105250,5,18,5,1
408,139105250,5,20,5,1
409,139105252,5,9,4,1
410,139105252,5,17,4,1
411,139105252,5,10,4,1
412,139105252,5,11,4,1
413,139105252,5,12,7,1
414,139105252,5,13,7,1
415,139105252,5,18,5,1
416,139105252,5,20,5,1
417,139105254,5,9,1,1
418,139105254,5,17,2,1
419,139105254,5,10,1,1
420,139105254,5,11,2,1
421,139105254,5,12,1,1
422,139105254,5,13,3,1
423,139105254,5,18,1,1
424,139105254,5,20,1,1
425,139105256,5,9,3,1
426,139105256,5,17,1,1
427,139105256,5,10,3,1
428,139105256,5,11,1,1
429,139105256,5,12,2,1
430,139105256,5,13,1,1
431,139105256,5,18,3,1
432,139105256,5,20,2,1
433,139105260,5,9,4,1
434,139105260,5,17,4,1
435,139105260,5,10,4,1
436,139105260,5,11,4,1
437,139105260,5,12,5,1
438,139105260,5,13,4,1
439,139105260,5,18,2,1
440,139105260,5,20,5,1
441,139105264,5,9,2,1
442,139105264,5,17,4,1
443,139105264,5,10,4,1
444,139105264,5,11,3,1
445,139105264,5,12,2,1
446,139105264,5,13,4,1
447,139105264,5,18,2,1
448,139105264,5,20,4,1
449,139105266,5,9,5,1
450,139105266,5,17,6,1
451,139105266,5,10,5,1
452,139105266,5,11,5,1
453,139105266,5,12,5,1
454,139105266,5,13,5,1
455,139105266,5,18,6,1
456,139105266,5,20,5,1
457,139105270,5,9,1,1
458,139105270,5,17,4,1
459,139105270,5,10,3,1
460,139105270,5,11,2,1
461,139105270,5,12,2,1
462,139105270,5,13,1,1
463,139105270,5,18,2,1
464,139105270,5,20,3,1
465,139105276,5,9,4,1
466,139105276,5,17,4,1
467,139105276,5,10,5,1
468,139105276,5,11,6,1
469,139105276,5,12,5,1
470,139105276,5,13,6,1
471,139105276,5,18,3,1
472,139105276,5,20,6,1
473,139015278,5,9,4,2
474,139015278,5,17,4,2
475,139015278,5,10,4,2
476,139015278,5,11,4,2
477,139015278,5,12,5,2
478,139015278,5,13,1,2
479,139015278,5,18,4,2
480,139015278,5,20,6,2
481,139105280,5,9,2,2
482,139105280,5,17,2,2
483,139105280,5,10,3,2
484,139105280,5,11,3,2
485,139105280,5,12,4,2
486,139105280,5,13,2,2
487,139105280,5,18,4,2
488,139105280,5,20,3,2
489,139105284,5,9,1,2
490,139105284,5,17,3,2
491,139105284,5,10,2,2
492,139105284,5,11,1,2
493,139105284,5,12,4,2
494,139105284,5,13,1,2
495,139105284,5,18,3,2
496,139105284,5,20,3,2
497,139105286,5,9,4,2
498,139105286,5,17,3,2
499,139105286,5,10,3,2
500,139105286,5,11,3,2
501,139105286,5,12,5,2
502,139105286,5,13,3,2
503,139105286,5,18,4,2
504,139105286,5,20,4,2
505,139105288,5,9,5,2
506,139105288,5,17,4,2
507,139105288,5,10,4,2
508,139105288,5,11,5,2
509,139105288,5,12,5,2
510,139105288,5,13,5,2
511,139105288,5,18,4,2
512,139105288,5,20,4,2
513,139105290,5,9,4,2
514,139105290,5,17,3,2
515,139105290,5,10,5,2
516,139105290,5,11,4,2
517,139105290,5,12,3,2
518,139105290,5,13,2,2
519,139105290,5,18,4,2
520,139105290,5,20,4,2
521,139105294,5,9,4,2
522,139105294,5,17,5,2
523,139105294,5,10,4,2
524,139105294,5,11,5,2
525,139105294,5,12,4,2
526,139105294,5,13,5,2
527,139105294,5,18,5,2
528,139105294,5,20,5,2
529,139105296,5,9,6,2
530,139105296,5,17,5,2
531,139105296,5,10,4,2
532,139105296,5,11,5,2
533,139105296,5,12,6,2
534,139105296,5,13,4,2
535,139105296,5,18,5,2
536,139105296,5,20,4,2
537,139105302,5,9,4,2
538,139105302,5,17,5,2
539,139105302,5,10,2,2
540,139105302,5,11,4,2
541,139105302,5,12,4,2
542,139105302,5,13,4,2
543,139105302,5,18,5,2
544,139105302,5,20,6,2
545,139015304,5,9,5,2
546,139015304,5,17,4,2
547,139015304,5,10,5,2
548,139015304,5,11,5,2
549,139015304,5,12,6,2
550,139015304,5,13,5,2
551,139015304,5,18,5,2
552,139015304,5,20,5,2
553,139105308,5,9,4,2
554,139105308,5,17,2,2
555,139105308,5,10,2,2
556,139105308,5,11,3,2
557,139105308,5,12,4,2
558,139105308,5,13,4,2
559,139105308,5,18,4,2
560,139105308,5,20,1,2
561,139105312,5,9,2,2
562,139105312,5,17,1,2
563,139105312,5,10,2,2
564,139105312,5,11,2,2
565,139105312,5,12,3,2
566,139105312,5,13,1,2
567,139105312,5,18,3,2
568,139105312,5,20,1,2
569,139105316,5,9,1,2
570,139105316,5,17,2,2
571,139105316,5,10,2,2
572,139105316,5,11,2,2
573,139105316,5,12,2,2
574,139105316,5,13,1,2
575,139105316,5,18,1,2
576,139105316,5,20,1,2
577,139105318,5,9,2,2
578,139105318,5,17,4,2
579,139105318,5,10,3,2
580,139105318,5,11,3,2
581,139105318,5,12,5,2
582,139105318,5,13,4,2
583,139105318,5,18,3,2
584,139105318,5,20,4,2
585,139105320,5,9,,2
586,139105320,5,17,6,2
587,139105320,5,10,6,2
588,139105320,5,11,,2
589,139105320,5,12,7,2
590,139105320,5,13,7,2
591,139105320,5,18,6,2
592,139105320,5,20,4,2
593,139105322,5,9,4,2
594,139105322,5,17,4,2
595,139105322,5,10,3,2
596,139105322,5,11,1,2
597,139105322,5,12,4,2
598,139105322,5,13,4,2
599,139105322,5,18,2,2
600,139105322,5,20,2,2
601,139105324,5,9,3,2
602,139105324,5,17,4,2
603,139105324,5,10,4,2
604,139105324,5,11,4,2
605,139105324,5,12,5,2
606,139105324,5,13,3,2
607,139105324,5,18,2,2
608,139105324,5,20,5,2
609,139105326,5,9,4,2
610,139105326,5,17,3,2
611,139105326,5,10,6,2
612,139105326,5,11,6,2
613,139105326,5,12,6,2
614,139105326,5,13,5,2
615,139105326,5,18,4,2
616,139105326,5,20,3,2
617,139105328,5,9,3,2
618,139105328,5,17,5,2
619,139105328,5,10,5,2
620,139105328,5,11,5,2
621,139105328,5,12,7,2
622,139105328,5,13,4,2
623,139105328,5,18,4,2
624,139105328,5,20,4,2
625,139105332,5,9,2,2
626,139105332,5,17,3,2
627,139105332,5,10,4,2
628,139105332,5,11,4,2
629,139105332,5,12,2,2
630,139105332,5,13,3,2
631,139105332,5,18,3,2
632,139105332,5,20,1,2
633,139105334,5,9,3,2
634,139105334,5,17,2,2
635,139105334,5,10,1,2
636,139105334,5,11,1,2
637,139105334,5,12,3,2
638,139105334,5,13,4,2
639,139105334,5,18,2,2
640,139105334,5,20,3,2
641,139105336,5,9,3,2
642,139105336,5,17,3,2
643,139105336,5,10,3,2
644,139105336,5,11,2,2
645,139105336,5,12,4,2
646,139105336,5,13,1,2
647,139105336,5,18,4,2
648,139105336,5,20,3,2
649,139105338,5,9,5,2
650,139105338,5,17,2,2
651,139105338,5,10,4,2
652,139105338,5,11,5,2
653,139105338,5,12,4,2
654,139105338,5,13,4,2
655,139105338,5,18,6,2
656,139105338,5,20,4,2
657,139105340,5,9,4,2
658,139105340,5,17,3,2
659,139105340,5,10,3,2
660,139105340,5,11,4,2
661,139105340,5,12,2,2
662,139105340,5,13,3,2
663,139105340,5,18,3,2
664,139105340,5,20,3,2
665,139105342,5,9,3,2
666,139105342,5,17,1,2
667,139105342,5,10,4,2
668,139105342,5,11,2,2
669,139105342,5,12,3,2
670,139105342,5,13,4,2
671,139105342,5,18,3,2
672,139105342,5,20,1,2
673,139105344,5,9,4,2
674,139105344,5,17,2,2
675,139105344,5,10,3,2
676,139105344,5,11,4,2
677,139105344,5,12,2,2
678,139105344,5,13,3,2
679,139105344,5,18,4,2
680,139105344,5,20,3,2
681,139105246,5,9,2,2
682,139105246,5,17,2,2
683,139105246,5,10,2,2
684,139105246,5,11,4,2
685,139105246,5,12,4,2
686,139105246,5,13,4,2
687,139105246,5,18,4,2
688,139105246,5,20,3,2
689,139105348,5,9,3,2
690,139105348,5,17,4,2
691,139105348,5,10,4,2
692,139105348,5,11,4,2
693,139105348,5,12,6,2
694,139105348,5,13,3,2
695,139105348,5,18,4,2
696,139105348,5,20,4,2
697,139105350,5,9,2,2
698,139105350,5,17,2,2
699,139105350,5,10,1,2
700,139105350,5,11,4,2
701,139105350,5,12,3,2
702,139105350,5,13,3,2
703,139105350,5,18,3,2
704,139105350,5,20,2,2
705,139105354,5,9,5,2
706,139105354,5,17,5,2
707,139105354,5,10,5,2
708,139105354,5,11,4,2
709,139105354,5,12,4,2
710,139105354,5,13,4,2
711,139105354,5,18,4,2
712,139105354,5,20,3,2
713,139105358,5,9,3,2
714,139105358,5,17,4,2
715,139105358,5,10,6,2
716,139105358,5,11,3,2
717,139105358,5,12,2,2
718,139105358,5,13,3,2
719,139105358,5,18,3,2
720,139105358,5,20,2,2
721,139105360,5,9,4,2
722,139105360,5,17,5,2
723,139105360,5,10,6,2
724,139105360,5,11,6,2
725,139105360,5,12,7,2
726,139105360,5,13,6,2
727,139105360,5,18,5,2
728,139105360,5,20,4,2
729,139105364,5,9,4,2
730,139105364,5,17,4,2
731,139105364,5,10,4,2
732,139105364,5,11,6,2
733,139105364,5,12,5,2
734,139105364,5,13,4,2
735,139105364,5,18,2,2
736,139105364,5,20,3,2
737,139105366,5,9,3,2
738,139105366,5,17,4,2
739,139105366,5,10,5,2
740,139105366,5,11,3,2
741,139105366,5,12,3,2
742,139105366,5,13,3,2
743,139105366,5,18,1,2
744,139105366,5,20,,2
745,139105368,5,9,2,2
746,139105368,5,17,4,2
747,139105368,5,10,4,2
748,139105368,5,11,4,2
749,139105368,5,12,4,2
750,139105368,5,13,3,2
751,139105368,5,18,4,2
752,139105368,5,20,2,2
753,139105370,5,9,2,2
754,139105370,5,17,1,2
755,139105370,5,10,1,2
756,139105370,5,11,3,2
757,139105370,5,12,3,2
758,139105370,5,13,2,2
759,139105370,5,18,4,2
760,139105370,5,20,3,2
761,139105374,5,9,4,2
762,139105374,5,17,6,2
763,139105374,5,10,4,2
764,139105374,5,11,4,2
765,139105374,5,12,6,2
766,139105374,5,13,4,2
767,139105374,5,18,5,2
768,139105374,5,20,5,2
769,139105376,5,9,2,2
770,139105376,5,17,4,2
771,139105376,5,10,3,2
772,139105376,5,11,4,2
773,139105376,5,12,5,2
774,139105376,5,13,2,2
775,139105376,5,18,4,2
776,139105376,5,20,4,2
777,139105378,5,9,4,2
778,139105378,5,17,4,2
779,139105378,5,10,5,2
780,139105378,5,11,6,2
781,139105378,5,12,6,2
782,139105378,5,13,4,2
783,139105378,5,18,4,2
784,139105378,5,20,4,2
785,139105380,5,9,2,2
786,139105380,5,17,5,2
787,139105380,5,10,3,2
788,139105380,5,11,4,2
789,139105380,5,12,5,2
790,139105380,5,13,1,2
791,139105380,5,18,3,2
792,139105380,5,20,3,2
793,139105386,5,9,4,2
794,139105386,5,17,4,2
795,139105386,5,10,5,2
796,139105386,5,11,5,2
797,139105386,5,12,6,2
798,139105386,5,13,4,2
799,139105386,5,18,5,2
800,139105386,5,20,4,2
801,139105390,5,9,2,2
802,139105390,5,17,4,2
803,139105390,5,10,4,2
804,139105390,5,11,4,2
805,139105390,5,12,4,2
806,139105390,5,13,6,2
807,139105390,5,18,4,2
808,139105390,5,20,2,2
809,139105392,5,9,3,2
810,139105392,5,17,4,2
811,139105392,5,10,3,2
812,139105392,5,11,4,2
813,139105392,5,12,4,2
814,139105392,5,13,6,2
815,139105392,5,18,4,2
816,139105392,5,20,3,2
817,139105394,5,9,5,2
818,139105394,5,17,5,2
819,139105394,5,10,3,2
820,139105394,5,11,5,2
821,139105394,5,12,5,2
822,139105394,5,13,5,2
823,139105394,5,18,4,2
824,139105394,5,20,3,2
825,139105396,5,9,2,2
826,139105396,5,17,3,2
827,139105396,5,10,3,2
828,139105396,5,11,3,2
829,139105396,5,12,5,2
830,139105396,5,13,3,2
831,139105396,5,18,4,2
832,139105396,5,20,3,2
833,139105398,5,9,4,2
834,139105398,5,17,6,2
835,139105398,5,10,4,2
836,139105398,5,11,5,2
837,139105398,5,12,6,2
838,139105398,5,13,5,2
839,139105398,5,18,5,2
840,139105398,5,20,5,2
841,139105400,5,9,2,2
842,139105400,5,17,2,2
843,139105400,5,10,4,2
844,139105400,5,11,2,2
845,139105400,5,12,4,2
846,139105400,5,13,2,2
847,139105400,5,18,2,2
848,139105400,5,20,3,2
849,139105404,5,9,3,2
850,139105404,5,17,4,2
851,139105404,5,10,4,2
852,139105404,5,11,3,2
853,139105404,5,12,5,2
854,139105404,5,13,3,2
855,139105404,5,18,3,2
856,139105404,5,20,3,2
857,139105405,5,9,1,2
858,139105405,5,17,2,2
859,139105405,5,10,1,2
860,139105405,5,11,1,2
861,139105405,5,12,1,2
862,139105405,5,13,1,2
863,139105405,5,18,1,2
864,139105405,5,20,1,2
865,139105406,5,9,3,2
866,139105406,5,17,3,2
867,139105406,5,10,4,2
868,139105406,5,11,3,2
869,139105406,5,12,1,2
870,139105406,5,13,4,2
871,139105406,5,18,1,2
872,139105406,5,20,3,2
873,130105407,5,9,3,2
874,130105407,5,17,2,2
875,130105407,5,10,2,2
876,130105407,5,11,3,2
877,130105407,5,12,3,2
878,130105407,5,13,3,2
879,130105407,5,18,3,2
880,130105407,5,20,3,2
881,139105408,5,9,2,2
882,139105408,5,17,4,2
883,139105408,5,10,3,2
884,139105408,5,11,3,2
885,139105408,5,12,2,2
886,139105408,5,13,2,2
887,139105408,5,18,4,2
888,139105408,5,20,3,2
889,139105409,5,9,3,2
890,139105409,5,17,3,2
891,139105409,5,10,3,2
892,139105409,5,11,6,2
893,139105409,5,12,4,2
894,139105409,5,13,4,2
895,139105409,5,18,4,2
896,139105409,5,20,4,2
897,139105410,5,9,1,2
898,139105410,5,17,2,2
899,139105410,5,10,2,2
900,139105410,5,11,1,2
901,139105410,5,12,4,2
902,139105410,5,13,2,2
903,139105410,5,18,3,2
904,139105410,5,20,1,2
905,139105411,5,9,,2
906,139105411,5,17,7,2
907,139105411,5,10,7,2
908,139105411,5,11,7,2
909,139105411,5,12,7,2
910,139105411,5,13,7,2
911,139105411,5,18,,2
912,139105411,5,20,6,2
913,139105412,5,9,6,2
914,139105412,5,17,6,2
915,139105412,5,10,6,2
916,139105412,5,11,7,2
917,139105412,5,12,7,2
918,139105412,5,13,7,2
919,139105412,5,18,6,2
920,139105412,5,20,5,2
921,139105413,5,9,1,2
922,139105413,5,17,2,2
923,139105413,5,10,1,2
924,139105413,5,11,2,2
925,139105413,5,12,1,2
926,139105413,5,13,3,2
927,139105413,5,18,2,2
928,139105413,5,20,1,2
929,139105414,5,9,2,2
930,139105414,5,17,5,2
931,139105414,5,10,1,2
932,139105414,5,11,1,2
933,139105414,5,12,3,2
934,139105414,5,13,2,2
935,139105414,5,18,4,2
936,139105414,5,20,2,2
937,139105415,5,9,2,2
938,139105415,5,17,4,2
939,139105415,5,10,2,2
940,139105415,5,11,5,2
941,139105415,5,12,1,2
942,139105415,5,13,2,2
943,139105415,5,18,3,2
944,139105415,5,20,4,2
945,139105001,3,1,5,1
946,139105001,3,7,2,1
947,139105001,3,2,4,1
948,139105001,3,3,5,1
949,139105001,3,4,5,1
950,139105001,3,5,4,1
951,139105001,3,6,4,1
952,139105001,3,8,4,1
953,139105002,3,1,2,1
954,139105002,3,7,2,1
955,139105002,3,2,4,1
956,139105002,3,3,6,1
957,139105002,3,4,1,1
958,139105002,3,5,1,1
959,139105002,3,6,2,1
960,139105002,3,8,2,1
961,139105004,3,1,3,1
962,139105004,3,7,2,1
963,139105004,3,2,1,1
964,139105004,3,3,5,1
965,139105004,3,4,2,1
966,139105004,3,5,4,1
967,139105004,3,6,3,1
968,139105004,3,8,4,1
969,139105005,3,1,2,1
970,139105005,3,7,2,1
971,139105005,3,2,3,1
972,139105005,3,3,3,1
973,139105005,3,4,1,1
974,139105005,3,5,2,1
975,139105005,3,6,4,1
976,139105005,3,8,4,1
977,139105014,3,1,3,1
978,139105014,3,7,2,1
979,139105014,3,2,3,1
980,139105014,3,3,4,1
981,139105014,3,4,3,1
982,139105014,3,5,3,1
983,139105014,3,6,3,1
984,139105014,3,8,4,1
985,139105016,3,1,2,1
986,139105016,3,7,2,1
987,139105016,3,2,2,1
988,139105016,3,3,1,1
989,139105016,3,4,1,1
990,139105016,3,5,1,1
991,139105016,3,6,1,1
992,139105016,3,8,1,1
993,139105020,3,1,1,1
994,139105020,3,7,1,1
995,139105020,3,2,1,1
996,139105020,3,3,1,1
997,139105020,3,4,1,1
998,139105020,3,5,2,1
999,139105020,3,6,2,1
1000,139105020,3,8,2,1
1001,139105022,3,1,2,1
1002,139105022,3,7,1,1
1003,139105022,3,2,1,1
1004,139105022,3,3,2,1
1005,139105022,3,4,1,1
1006,139105022,3,5,1,1
1007,139105022,3,6,2,1
1008,139105022,3,8,2,1
1009,139105034,3,1,2,1
1010,139105034,3,7,1,1
1011,139105034,3,2,2,1
1012,139105034,3,3,2,1
1013,139105034,3,4,1,1
1014,139105034,3,5,2,1
1015,139105034,3,6,4,1
1016,139105034,3,8,2,1
1017,139105038,3,1,4,1
1018,139105038,3,7,2,1
1019,139105038,3,2,4,1
1020,139105038,3,3,6,1
1021,139105038,3,4,3,1
1022,139105038,3,5,4,1
1023,139105038,3,6,3,1
1024,139105038,3,8,3,1
1025,139105042,3,1,1,1
1026,139105042,3,7,2,1
1027,139105042,3,2,1,1
1028,139105042,3,3,2,1
1029,139105042,3,4,1,1
1030,139105042,3,5,2,1
1031,139105042,3,6,3,1
1032,139105042,3,8,2,1
1033,139105058,3,1,1,1
1034,139105058,3,7,2,1
1035,139105058,3,2,2,1
1036,139105058,3,3,3,1
1037,139105058,3,4,2,1
1038,139105058,3,5,1,1
1039,139105058,3,6,3,1
1040,139105058,3,8,2,1
1041,139105064,3,1,2,1
1042,139105064,3,7,2,1
1043,139105064,3,2,4,1
1044,139105064,3,3,4,1
1045,139105064,3,4,5,1
1046,139105064,3,5,2,1
1047,139105064,3,6,5,1
1048,139105064,3,8,2,1
1049,139105066,3,1,3,1
1050,139105066,3,7,2,1
1051,139105066,3,2,2,1
1052,139105066,3,3,3,1
1053,139105066,3,4,2,1
1054,139105066,3,5,3,1
1055,139105066,3,6,4,1
1056,139105066,3,8,3,1
1057,139105068,3,1,3,1
1058,139105068,3,7,2,1
1059,139105068,3,2,2,1
1060,139105068,3,3,4,1
1061,139105068,3,4,2,1
1062,139105068,3,5,1,1
1063,139105068,3,6,3,1
1064,139105068,3,8,3,1
1065,139105070,3,1,3,1
1066,139105070,3,7,2,1
1067,139105070,3,2,1,1
1068,139105070,3,3,2,1
1069,139105070,3,4,3,1
1070,139105070,3,5,2,1
1071,139105070,3,6,3,1
1072,139105070,3,8,2,1
1073,139105074,3,1,5,1
1074,139105074,3,7,2,1
1075,139105074,3,2,5,1
1076,139105074,3,3,6,1
1077,139105074,3,4,3,1
1078,139105074,3,5,5,1
1079,139105074,3,6,4,1
1080,139105074,3,8,4,1
1081,139105076,3,1,2,1
1082,139105076,3,7,2,1
1083,139105076,3,2,3,1
1084,139105076,3,3,5,1
1085,139105076,3,4,4,1
1086,139105076,3,5,4,1
1087,139105076,3,6,5,1
1088,139105076,3,8,3,1
1089,139105082,3,1,5,1
1090,139105082,3,7,3,1
1091,139105082,3,2,4,1
1092,139105082,3,3,6,1
1093,139105082,3,4,5,1
1094,139105082,3,5,5,1
1095,139105082,3,6,5,1
1096,139105082,3,8,4,1
1097,139105086,3,1,1,1
1098,139105086,3,7,1,1
1099,139105086,3,2,2,1
1100,139105086,3,3,2,1
1101,139105086,3,4,1,1
1102,139105086,3,5,1,1
1103,139105086,3,6,1,1
1104,139105086,3,8,1,1
1105,139105088,3,1,2,1
1106,139105088,3,7,2,1
1107,139105088,3,2,2,1
1108,139105088,3,3,6,1
1109,139105088,3,4,3,1
1110,139105088,3,5,1,1
1111,139105088,3,6,4,1
1112,139105088,3,8,2,1
1113,139105090,3,1,3,1
1114,139105090,3,7,2,1
1115,139105090,3,2,1,1
1116,139105090,3,3,2,1
1117,139105090,3,4,3,1
1118,139105090,3,5,2,1
1119,139105090,3,6,4,1
1120,139105090,3,8,3,1
1121,139105096,3,1,5,1
1122,139105096,3,7,2,1
1123,139105096,3,2,4,1
1124,139105096,3,3,6,1
1125,139105096,3,4,6,1
1126,139105096,3,5,6,1
1127,139105096,3,6,5,1
1128,139105096,3,8,4,1
1129,139105102,3,1,3,1
1130,139105102,3,7,2,1
1131,139105102,3,2,1,1
1132,139105102,3,3,4,1
1133,139105102,3,4,2,1
1134,139105102,3,5,5,1
1135,139105102,3,6,4,1
1136,139105102,3,8,3,1
1137,139105112,3,1,4,1
1138,139105112,3,7,2,1
1139,139105112,3,2,2,1
1140,139105112,3,3,2,1
1141,139105112,3,4,4,1
1142,139105112,3,5,3,1
1143,139105112,3,6,5,1
1144,139105112,3,8,3,1
1145,139105114,3,1,3,1
1146,139105114,3,7,2,1
1147,139105114,3,2,1,1
1148,139105114,3,3,4,1
1149,139105114,3,4,5,1
1150,139105114,3,5,3,1
1151,139105114,3,6,4,1
1152,139105114,3,8,3,1
1153,139105116,3,1,1,1
1154,139105116,3,7,2,1
1155,139105116,3,2,2,1
1156,139105116,3,3,1,1
1157,139105116,3,4,2,1
1158,139105116,3,5,2,1
1159,139105116,3,6,3,1
1160,139105116,3,8,2,1
1161,139105118,3,1,4,1
1162,139105118,3,7,2,1
1163,139105118,3,2,4,1
1164,139105118,3,3,5,1
1165,139105118,3,4,5,1
1166,139105118,3,5,4,1
1167,139105118,3,6,4,1
1168,139105118,3,8,2,1
1169,139105138,3,1,4,1
1170,139105138,3,7,3,1
1171,139105138,3,2,3,1
1172,139105138,3,3,6,1
1173,139105138,3,4,5,1
1174,139105138,3,5,4,1
1175,139105138,3,6,4,1
1176,139105138,3,8,4,1
1177,139105142,3,1,2,1
1178,139105142,3,7,2,1
1179,139105142,3,2,3,1
1180,139105142,3,3,5,1
1181,139105142,3,4,4,1
1182,139105142,3,5,4,1
1183,139105142,3,6,4,1
1184,139105142,3,8,4,1
1185,139105144,3,1,4,1
1186,139105144,3,7,2,1
1187,139105144,3,2,2,1
1188,139105144,3,3,4,1
1189,139105144,3,4,4,1
1190,139105144,3,5,3,1
1191,139105144,3,6,5,1
1192,139105144,3,8,3,1
1193,139105146,3,1,3,1
1194,139105146,3,7,2,1
1195,139105146,3,2,4,1
1196,139105146,3,3,6,1
1197,139105146,3,4,5,1
1198,139105146,3,5,4,1
1199,139105146,3,6,5,1
1200,139105146,3,8,3,1
1201,139105150,3,1,4,1
1202,139105150,3,7,2,1
1203,139105150,3,2,2,1
1204,139105150,3,3,5,1
1205,139105150,3,4,5,1
1206,139105150,3,5,6,1
1207,139105150,3,6,6,1
1208,139105150,3,8,4,1
1209,139105154,3,1,4,1
1210,139105154,3,7,2,1
1211,139105154,3,2,4,1
1212,139105154,3,3,5,1
1213,139105154,3,4,6,1
1214,139105154,3,5,5,1
1215,139105154,3,6,5,1
1216,139105154,3,8,4,1
1217,139105162,3,1,4,1
1218,139105162,3,7,2,1
1219,139105162,3,2,3,1
1220,139105162,3,3,5,1
1221,139105162,3,4,5,1
1222,139105162,3,5,5,1
1223,139105162,3,6,5,1
1224,139105162,3,8,4,1
1225,139105170,3,1,1,1
1226,139105170,3,7,1,1
1227,139105170,3,2,2,1
1228,139105170,3,3,1,1
1229,139105170,3,4,1,1
1230,139105170,3,5,1,1
1231,139105170,3,6,2,1
1232,139105170,3,8,1,1
1233,139105172,3,1,2,1
1234,139105172,3,7,2,1
1235,139105172,3,2,4,1
1236,139105172,3,3,5,1
1237,139105172,3,4,3,1
1238,139105172,3,5,3,1
1239,139105172,3,6,4,1
1240,139105172,3,8,2,1
1241,139105180,3,1,5,1
1242,139105180,3,7,3,1
1243,139105180,3,2,5,1
1244,139105180,3,3,5,1
1245,139105180,3,4,6,1
1246,139105180,3,5,6,1
1247,139105180,3,6,5,1
1248,139105180,3,8,4,1
1249,139105190,3,1,1,1
1250,139105190,3,7,1,1
1251,139105190,3,2,2,1
1252,139105190,3,3,3,1
1253,139105190,3,4,1,1
1254,139105190,3,5,1,1
1255,139105190,3,6,3,1
1256,139105190,3,8,2,1
1257,139105194,3,1,5,1
1258,139105194,3,7,2,1
1259,139105194,3,2,4,1
1260,139105194,3,3,6,1
1261,139105194,3,4,6,1
1262,139105194,3,5,5,1
1263,139105194,3,6,6,1
1264,139105194,3,8,4,1
1265,139105198,3,1,3,1
1266,139105198,3,7,2,1
1267,139105198,3,2,2,1
1268,139105198,3,3,4,1
1269,139105198,3,4,4,1
1270,139105198,3,5,3,1
1271,139105198,3,6,3,1
1272,139105198,3,8,3,1
1273,139105204,3,1,2,1
1274,139105204,3,7,2,1
1275,139105204,3,2,3,1
1276,139105204,3,3,2,1
1277,139105204,3,4,2,1
1278,139105204,3,5,3,1
1279,139105204,3,6,2,1
1280,139105204,3,8,3,1
1281,139105212,3,1,2,1
1282,139105212,3,7,2,1
1283,139105212,3,2,3,1
1284,139105212,3,3,5,1
1285,139105212,3,4,4,1
1286,139105212,3,5,2,1
1287,139105212,3,6,5,1
1288,139105212,3,8,3,1
1289,139105214,3,1,1,1
1290,139105214,3,7,1,1
1291,139105214,3,2,2,1
1292,139105214,3,3,2,1
1293,139105214,3,4,2,1
1294,139105214,3,5,1,1
1295,139105214,3,6,3,1
1296,139105214,3,8,1,1
1297,139105216,3,1,3,1
1298,139105216,3,7,2,1
1299,139105216,3,2,2,1
1300,139105216,3,3,6,1
1301,139105216,3,4,4,1
1302,139105216,3,5,3,1
1303,139105216,3,6,5,1
1304,139105216,3,8,2,1
1305,139105220,3,1,4,1
1306,139105220,3,7,2,1
1307,139105220,3,2,3,1
1308,139105220,3,3,5,1
1309,139105220,3,4,4,1
1310,139105220,3,5,3,1
1311,139105220,3,6,5,1
1312,139105220,3,8,2,1
1313,139105238,3,1,2,1
1314,139105238,3,7,2,1
1315,139105238,3,2,2,1
1316,139105238,3,3,2,1
1317,139105238,3,4,1,1
1318,139105238,3,5,1,1
1319,139105238,3,6,4,1
1320,139105238,3,8,2,1
1321,139105240,3,1,5,1
1322,139105240,3,7,2,1
1323,139105240,3,2,4,1
1324,139105240,3,3,5,1
1325,139105240,3,4,5,1
1326,139105240,3,5,5,1
1327,139105240,3,6,5,1
1328,139105240,3,8,3,1
1329,139105246,3,1,3,1
1330,139105246,3,7,2,1
1331,139105246,3,2,3,1
1332,139105246,3,3,5,1
1333,139105246,3,4,3,1
1334,139105246,3,5,3,1
1335,139105246,3,6,4,1
1336,139105246,3,8,2,1
1337,139105248,3,1,2,1
1338,139105248,3,7,2,1
1339,139105248,3,2,4,1
1340,139105248,3,3,6,1
1341,139105248,3,4,3,1
1342,139105248,3,5,1,1
1343,139105248,3,6,4,1
1344,139105248,3,8,3,1
1345,139105250,3,1,5,1
1346,139105250,3,7,3,1
1347,139105250,3,2,5,1
1348,139105250,3,3,6,1
1349,139105250,3,4,6,1
1350,139105250,3,5,6,1
1351,139105250,3,6,5,1
1352,139105250,3,8,3,1
1353,139105252,3,1,6,1
1354,139105252,3,7,4,1
1355,139105252,3,2,6,1
1356,139105252,3,3,5,1
1357,139105252,3,4,6,1
1358,139105252,3,5,6,1
1359,139105252,3,6,6,1
1360,139105252,3,8,4,1
1361,139105254,3,1,1,1
1362,139105254,3,7,1,1
1363,139105254,3,2,1,1
1364,139105254,3,3,1,1
1365,139105254,3,4,2,1
1366,139105254,3,5,2,1
1367,139105254,3,6,3,1
1368,139105254,3,8,1,1
1369,139105256,3,1,2,1
1370,139105256,3,7,2,1
1371,139105256,3,2,1,1
1372,139105256,3,3,2,1
1373,139105256,3,4,1,1
1374,139105256,3,5,2,1
1375,139105256,3,6,3,1
1376,139105256,3,8,2,1
1377,139105260,3,1,3,1
1378,139105260,3,7,2,1
1379,139105260,3,2,1,1
1380,139105260,3,3,5,1
1381,139105260,3,4,5,1
1382,139105260,3,5,3,1
1383,139105260,3,6,5,1
1384,139105260,3,8,2,1
1385,139105264,3,1,2,1
1386,139105264,3,7,1,1
1387,139105264,3,2,2,1
1388,139105264,3,3,3,1
1389,139105264,3,4,3,1
1390,139105264,3,5,2,1
1391,139105264,3,6,2,1
1392,139105264,3,8,1,1
1393,139105266,3,1,6,1
1394,139105266,3,7,5,1
1395,139105266,3,2,4,1
1396,139105266,3,3,6,1
1397,139105266,3,4,4,1
1398,139105266,3,5,5,1
1399,139105266,3,6,5,1
1400,139105266,3,8,2,1
1401,139105270,3,1,2,1
1402,139105270,3,7,2,1
1403,139105270,3,2,1,1
1404,139105270,3,3,3,1
1405,139105270,3,4,2,1
1406,139105270,3,5,1,1
1407,139105270,3,6,2,1
1408,139105270,3,8,2,1
1409,139105276,3,1,6,1
1410,139105276,3,7,4,1
1411,139105276,3,2,5,1
1412,139105276,3,3,5,1
1413,139105276,3,4,6,1
1414,139105276,3,5,5,1
1415,139105276,3,6,4,1
1416,139105276,3,8,4,1
1417,139015278,3,1,4,2
1418,139015278,3,7,3,2
1419,139015278,3,2,4,2
1420,139015278,3,3,4,2
1421,139015278,3,4,4,2
1422,139015278,3,5,4,2
1423,139015278,3,6,2,2
1424,139015278,3,8,3,2
1425,139105280,3,1,5,2
1426,139105280,3,7,2,2
1427,139105280,3,2,3,2
1428,139105280,3,3,5,2
1429,139105280,3,4,3,2
1430,139105280,3,5,5,2
1431,139105280,3,6,2,2
1432,139105280,3,8,3,2
1433,139105284,3,1,3,2
1434,139105284,3,7,2,2
1435,139105284,3,2,1,2
1436,139105284,3,3,4,2
1437,139105284,3,4,2,2
1438,139105284,3,5,4,2
1439,139105284,3,6,2,2
1440,139105284,3,8,3,2
1441,139105286,3,1,6,2
1442,139105286,3,7,5,2
1443,139105286,3,2,4,2
1444,139105286,3,3,5,2
1445,139105286,3,4,4,2
1446,139105286,3,5,5,2
1447,139105286,3,6,2,2
1448,139105286,3,8,3,2
1449,139105288,3,1,4,2
1450,139105288,3,7,5,2
1451,139105288,3,2,5,2
1452,139105288,3,3,6,2
1453,139105288,3,4,4,2
1454,139105288,3,5,4,2
1455,139105288,3,6,2,2
1456,139105288,3,8,3,2
1457,139105290,3,1,4,2
1458,139105290,3,7,4,2
1459,139105290,3,2,2,2
1460,139105290,3,3,5,2
1461,139105290,3,4,4,2
1462,139105290,3,5,5,2
1463,139105290,3,6,2,2
1464,139105290,3,8,4,2
1465,139105294,3,1,6,2
1466,139105294,3,7,5,2
1467,139105294,3,2,3,2
1468,139105294,3,3,4,2
1469,139105294,3,4,4,2
1470,139105294,3,5,4,2
1471,139105294,3,6,2,2
1472,139105294,3,8,3,2
1473,139105296,3,1,6,2
1474,139105296,3,7,4,2
1475,139105296,3,2,6,2
1476,139105296,3,3,6,2
1477,139105296,3,4,6,2
1478,139105296,3,5,6,2
1479,139105296,3,6,3,2
1480,139105296,3,8,3,2
1481,139105302,3,1,4,2
1482,139105302,3,7,5,2
1483,139105302,3,2,3,2
1484,139105302,3,3,4,2
1485,139105302,3,4,3,2
1486,139105302,3,5,3,2
1487,139105302,3,6,2,2
1488,139105302,3,8,3,2
1489,139015304,3,1,6,2
1490,139015304,3,7,5,2
1491,139015304,3,2,6,2
1492,139015304,3,3,6,2
1493,139015304,3,4,6,2
1494,139015304,3,5,6,2
1495,139015304,3,6,3,2
1496,139015304,3,8,4,2
1497,139105308,3,1,4,2
1498,139105308,3,7,5,2
1499,139105308,3,2,4,2
1500,139105308,3,3,4,2
1501,139105308,3,4,4,2
1502,139105308,3,5,2,2
1503,139105308,3,6,2,2
1504,139105308,3,8,3,2
1505,139105312,3,1,4,2
1506,139105312,3,7,4,2
1507,139105312,3,2,3,2
1508,139105312,3,3,3,2
1509,139105312,3,4,3,2
1510,139105312,3,5,1,2
1511,139105312,3,6,3,2
1512,139105312,3,8,3,2
1513,139105316,3,1,2,2
1514,139105316,3,7,2,2
1515,139105316,3,2,3,2
1516,139105316,3,3,3,2
1517,139105316,3,4,3,2
1518,139105316,3,5,3,2
1519,139105316,3,6,1,2
1520,139105316,3,8,1,2
1521,139105318,3,1,5,2
1522,139105318,3,7,4,2
1523,139105318,3,2,4,2
1524,139105318,3,3,5,2
1525,139105318,3,4,5,2
1526,139105318,3,5,4,2
1527,139105318,3,6,3,2
1528,139105318,3,8,3,2
1529,139105320,3,1,6,2
1530,139105320,3,7,4,2
1531,139105320,3,2,7,2
1532,139105320,3,3,6,2
1533,139105320,3,4,6,2
1534,139105320,3,5,6,2
1535,139105320,3,6,4,2
1536,139105320,3,8,4,2
1537,139105322,3,1,2,2
1538,139105322,3,7,1,2
1539,139105322,3,2,1,2
1540,139105322,3,3,3,2
1541,139105322,3,4,2,2
1542,139105322,3,5,1,2
1543,139105322,3,6,2,2
1544,139105322,3,8,1,2
1545,139105324,3,1,6,2
1546,139105324,3,7,4,2
1547,139105324,3,2,3,2
1548,139105324,3,3,4,2
1549,139105324,3,4,3,2
1550,139105324,3,5,5,2
1551,139105324,3,6,3,2
1552,139105324,3,8,3,2
1553,139105326,3,1,6,2
1554,139105326,3,7,3,2
1555,139105326,3,2,4,2
1556,139105326,3,3,6,2
1557,139105326,3,4,6,2
1558,139105326,3,5,6,2
1559,139105326,3,6,4,2
1560,139105326,3,8,4,2
1561,139105328,3,1,6,2
1562,139105328,3,7,5,2
1563,139105328,3,2,4,2
1564,139105328,3,3,6,2
1565,139105328,3,4,6,2
1566,139105328,3,5,6,2
1567,139105328,3,6,3,2
1568,139105328,3,8,4,2
1569,139105332,3,1,2,2
1570,139105332,3,7,2,2
1571,139105332,3,2,3,2
1572,139105332,3,3,3,2
1573,139105332,3,4,3,2
1574,139105332,3,5,2,2
1575,139105332,3,6,2,2
1576,139105332,3,8,1,2
1577,139105334,3,1,3,2
1578,139105334,3,7,2,2
1579,139105334,3,2,2,2
1580,139105334,3,3,1,2
1581,139105334,3,4,3,2
1582,139105334,3,5,3,2
1583,139105334,3,6,1,2
1584,139105334,3,8,2,2
1585,139105336,3,1,3,2
1586,139105336,3,7,2,2
1587,139105336,3,2,2,2
1588,139105336,3,3,4,2
1589,139105336,3,4,2,2
1590,139105336,3,5,2,2
1591,139105336,3,6,2,2
1592,139105336,3,8,3,2
1593,139105338,3,1,3,2
1594,139105338,3,7,3,2
1595,139105338,3,2,3,2
1596,139105338,3,3,5,2
1597,139105338,3,4,5,2
1598,139105338,3,5,3,2
1599,139105338,3,6,4,2
1600,139105338,3,8,3,2
1601,139105340,3,1,4,2
1602,139105340,3,7,2,2
1603,139105340,3,2,2,2
1604,139105340,3,3,3,2
1605,139105340,3,4,3,2
1606,139105340,3,5,3,2
1607,139105340,3,6,2,2
1608,139105340,3,8,3,2
1609,139105342,3,1,4,2
1610,139105342,3,7,3,2
1611,139105342,3,2,1,2
1612,139105342,3,3,3,2
1613,139105342,3,4,3,2
1614,139105342,3,5,3,2
1615,139105342,3,6,2,2
1616,139105342,3,8,3,2
1617,139105344,3,1,4,2
1618,139105344,3,7,4,2
1619,139105344,3,2,1,2
1620,139105344,3,3,4,2
1621,139105344,3,4,2,2
1622,139105344,3,5,2,2
1623,139105344,3,6,1,2
1624,139105344,3,8,3,2
1625,139105246,3,1,4,2
1626,139105246,3,7,3,2
1627,139105246,3,2,3,2
1628,139105246,3,3,4,2
1629,139105246,3,4,4,2
1630,139105246,3,5,4,2
1631,139105246,3,6,2,2
1632,139105246,3,8,3,2
1633,139105348,3,1,6,2
1634,139105348,3,7,4,2
1635,139105348,3,2,4,2
1636,139105348,3,3,6,2
1637,139105348,3,4,5,2
1638,139105348,3,5,6,2
1639,139105348,3,6,4,2
1640,139105348,3,8,4,2
1641,139105350,3,1,3,2
1642,139105350,3,7,2,2
1643,139105350,3,2,3,2
1644,139105350,3,3,2,2
1645,139105350,3,4,4,2
1646,139105350,3,5,3,2
1647,139105350,3,6,2,2
1648,139105350,3,8,3,2
1649,139105354,3,1,6,2
1650,139105354,3,7,5,2
1651,139105354,3,2,6,2
1652,139105354,3,3,6,2
1653,139105354,3,4,5,2
1654,139105354,3,5,6,2
1655,139105354,3,6,2,2
1656,139105354,3,8,4,2
1657,139105358,3,1,3,2
1658,139105358,3,7,2,2
1659,139105358,3,2,3,2
1660,139105358,3,3,3,2
1661,139105358,3,4,4,2
1662,139105358,3,5,3,2
1663,139105358,3,6,2,2
1664,139105358,3,8,2,2
1665,139105360,3,1,3,2
1666,139105360,3,7,3,2
1667,139105360,3,2,6,2
1668,139105360,3,3,6,2
1669,139105360,3,4,4,2
1670,139105360,3,5,3,2
1671,139105360,3,6,4,2
1672,139105360,3,8,3,2
1673,139105364,3,1,6,2
1674,139105364,3,7,5,2
1675,139105364,3,2,6,2
1676,139105364,3,3,6,2
1677,139105364,3,4,6,2
1678,139105364,3,5,6,2
1679,139105364,3,6,3,2
1680,139105364,3,8,4,2
1681,139105366,3,1,4,2
1682,139105366,3,7,2,2
1683,139105366,3,2,4,2
1684,139105366,3,3,3,2
1685,139105366,3,4,3,2
1686,139105366,3,5,3,2
1687,139105366,3,6,1,2
1688,139105366,3,8,2,2
1689,139105368,3,1,4,2
1690,139105368,3,7,3,2
1691,139105368,3,2,3,2
1692,139105368,3,3,4,2
1693,139105368,3,4,4,2
1694,139105368,3,5,2,2
1695,139105368,3,6,1,2
1696,139105368,3,8,2,2
1697,139105370,3,1,2,2
1698,139105370,3,7,2,2
1699,139105370,3,2,2,2
1700,139105370,3,3,3,2
1701,139105370,3,4,3,2
1702,139105370,3,5,2,2
1703,139105370,3,6,1,2
1704,139105370,3,8,3,2
1705,139105374,3,1,4,2
1706,139105374,3,7,4,2
1707,139105374,3,2,6,2
1708,139105374,3,3,6,2
1709,139105374,3,4,5,2
1710,139105374,3,5,4,2
1711,139105374,3,6,3,2
1712,139105374,3,8,3,2
1713,139105376,3,1,3,2
1714,139105376,3,7,3,2
1715,139105376,3,2,2,2
1716,139105376,3,3,3,2
1717,139105376,3,4,4,2
1718,139105376,3,5,3,2
1719,139105376,3,6,2,2
1720,139105376,3,8,2,2
1721,139105378,3,1,5,2
1722,139105378,3,7,4,2
1723,139105378,3,2,6,2
1724,139105378,3,3,6,2
1725,139105378,3,4,6,2
1726,139105378,3,5,6,2
1727,139105378,3,6,2,2
1728,139105378,3,8,3,2
1729,139105380,3,1,3,2
1730,139105380,3,7,3,2
1731,139105380,3,2,1,2
1732,139105380,3,3,3,2
1733,139105380,3,4,3,2
1734,139105380,3,5,3,2
1735,139105380,3,6,1,2
1736,139105380,3,8,2,2
1737,139105386,3,1,5,2
1738,139105386,3,7,5,2
1739,139105386,3,2,5,2
1740,139105386,3,3,6,2
1741,139105386,3,4,5,2
1742,139105386,3,5,6,2
1743,139105386,3,6,3,2
1744,139105386,3,8,3,2
1745,139105390,3,1,4,2
1746,139105390,3,7,3,2
1747,139105390,3,2,4,2
1748,139105390,3,3,4,2
1749,139105390,3,4,4,2
1750,139105390,3,5,4,2
1751,139105390,3,6,2,2
1752,139105390,3,8,3,2
1753,139105392,3,1,3,2
1754,139105392,3,7,3,2
1755,139105392,3,2,3,2
1756,139105392,3,3,4,2
1757,139105392,3,4,3,2
1758,139105392,3,5,2,2
1759,139105392,3,6,2,2
1760,139105392,3,8,2,2
1761,139105394,3,1,4,2
1762,139105394,3,7,4,2
1763,139105394,3,2,5,2
1764,139105394,3,3,5,2
1765,139105394,3,4,4,2
1766,139105394,3,5,5,2
1767,139105394,3,6,2,2
1768,139105394,3,8,3,2
1769,139105396,3,1,4,2
1770,139105396,3,7,2,2
1771,139105396,3,2,4,2
1772,139105396,3,3,4,2
1773,139105396,3,4,4,2
1774,139105396,3,5,4,2
1775,139105396,3,6,2,2
1776,139105396,3,8,2,2
1777,139105398,3,1,5,2
1778,139105398,3,7,4,2
1779,139105398,3,2,4,2
1780,139105398,3,3,6,2
1781,139105398,3,4,4,2
1782,139105398,3,5,4,2
1783,139105398,3,6,2,2
1784,139105398,3,8,3,2
1785,139105400,3,1,3,2
1786,139105400,3,7,2,2
1787,139105400,3,2,1,2
1788,139105400,3,3,1,2
1789,139105400,3,4,1,2
1790,139105400,3,5,4,2
1791,139105400,3,6,1,2
1792,139105400,3,8,2,2
1793,139105404,3,1,4,2
1794,139105404,3,7,3,2
1795,139105404,3,2,4,2
1796,139105404,3,3,5,2
1797,139105404,3,4,6,2
1798,139105404,3,5,3,2
1799,139105404,3,6,2,2
1800,139105404,3,8,3,2
1801,139105405,3,1,1,2
1802,139105405,3,7,1,2
1803,139105405,3,2,1,2
1804,139105405,3,3,1,2
1805,139105405,3,4,1,2
1806,139105405,3,5,1,2
1807,139105405,3,6,1,2
1808,139105405,3,8,1,2
1809,139105406,3,1,1,2
1810,139105406,3,7,1,2
1811,139105406,3,2,1,2
1812,139105406,3,3,4,2
1813,139105406,3,4,3,2
1814,139105406,3,5,1,2
1815,139105406,3,6,2,2
1816,139105406,3,8,1,2
1817,130105407,3,1,2,2
1818,130105407,3,7,1,2
1819,130105407,3,2,1,2
1820,130105407,3,3,2,2
1821,130105407,3,4,1,2
1822,130105407,3,5,2,2
1823,130105407,3,6,4,2
1824,130105407,3,8,2,2
1825,139105408,3,1,3,2
1826,139105408,3,7,2,2
1827,139105408,3,2,2,2
1828,139105408,3,3,4,2
1829,139105408,3,4,4,2
1830,139105408,3,5,3,2
1831,139105408,3,6,2,2
1832,139105408,3,8,3,2
1833,139105409,3,1,4,2
1834,139105409,3,7,2,2
1835,139105409,3,2,4,2
1836,139105409,3,3,5,2
1837,139105409,3,4,4,2
1838,139105409,3,5,4,2
1839,139105409,3,6,2,2
1840,139105409,3,8,3,2
1841,139105410,3,1,6,2
1842,139105410,3,7,4,2
1843,139105410,3,2,4,2
1844,139105410,3,3,5,2
1845,139105410,3,4,5,2
1846,139105410,3,5,5,2
1847,139105410,3,6,2,2
1848,139105410,3,8,3,2
1849,139105411,3,1,5,2
1850,139105411,3,7,,2
1851,139105411,3,2,7,2
1852,139105411,3,3,4,2
1853,139105411,3,4,6,2
1854,139105411,3,5,3,2
1855,139105411,3,6,,2
1856,139105411,3,8,4,2
1857,139105412,3,1,7,2
1858,139105412,3,7,5,2
1859,139105412,3,2,6,2
1860,139105412,3,3,7,2
1861,139105412,3,4,7,2
1862,139105412,3,5,6,2
1863,139105412,3,6,4,2
1864,139105412,3,8,5,2
1865,139105413,3,1,3,2
1866,139105413,3,7,4,2
1867,139105413,3,2,2,2
1868,139105413,3,3,2,2
1869,139105413,3,4,3,2
1870,139105413,3,5,1,2
1871,139105413,3,6,1,2
1872,139105413,3,8,2,2
1873,139105414,3,1,5,2
1874,139105414,3,7,3,2
1875,139105414,3,2,2,2
1876,139105414,3,3,2,2
1877,139105414,3,4,3,2
1878,139105414,3,5,3,2
1879,139105414,3,6,1,2
1880,139105414,3,8,3,2
1881,139105415,3,1,1,2
1882,139105415,3,7,1,2
1883,139105415,3,2,2,2
1884,139105415,3,3,3,2
1885,139105415,3,4,2,2
1886,139105415,3,5,2,2
1887,139105415,3,6,2,2
1888,139105415,3,8,1,2
1889,139105001,4,21,5,1
1890,139105001,4,25,5,1
1891,139105001,4,22,4,1
1892,139105001,4,23,3,1
1893,139105001,4,24,4,1
1894,139105001,4,28,4,1
1895,139105001,4,26,2,1
1896,139105001,4,27,3,1
1897,139105002,4,21,4,1
1898,139105002,4,25,3,1
1899,139105002,4,22,4,1
1900,139105002,4,23,6,1
1901,139105002,4,24,4,1
1902,139105002,4,28,2,1
1903,139105002,4,26,3,1
1904,139105002,4,27,2,1
1905,139105004,4,21,2,1
1906,139105004,4,25,3,1
1907,139105004,4,22,2,1
1908,139105004,4,23,3,1
1909,139105004,4,24,1,1
1910,139105004,4,28,2,1
1911,139105004,4,26,3,1
1912,139105004,4,27,1,1
1913,139105005,4,21,3,1
1914,139105005,4,25,2,1
1915,139105005,4,22,4,1
1916,139105005,4,23,2,1
1917,139105005,4,24,2,1
1918,139105005,4,28,3,1
1919,139105005,4,26,2,1
1920,139105005,4,27,2,1
1921,139105014,4,21,4,1
1922,139105014,4,25,2,1
1923,139105014,4,22,3,1
1924,139105014,4,23,3,1
1925,139105014,4,24,2,1
1926,139105014,4,28,4,1
1927,139105014,4,26,1,1
1928,139105014,4,27,2,1
1929,139105016,4,21,2,1
1930,139105016,4,25,1,1
1931,139105016,4,22,3,1
1932,139105016,4,23,2,1
1933,139105016,4,24,1,1
1934,139105016,4,28,3,1
1935,139105016,4,26,2,1
1936,139105016,4,27,1,1
1937,139105020,4,21,2,1
1938,139105020,4,25,2,1
1939,139105020,4,22,1,1
1940,139105020,4,23,1,1
1941,139105020,4,24,1,1
1942,139105020,4,28,2,1
1943,139105020,4,26,2,1
1944,139105020,4,27,1,1
1945,139105022,4,21,3,1
1946,139105022,4,25,2,1
1947,139105022,4,22,2,1
1948,139105022,4,23,1,1
1949,139105022,4,24,2,1
1950,139105022,4,28,2,1
1951,139105022,4,26,2,1
1952,139105022,4,27,2,1
1953,139105034,4,21,4,1
1954,139105034,4,25,2,1
1955,139105034,4,22,3,1
1956,139105034,4,23,3,1
1957,139105034,4,24,3,1
1958,139105034,4,28,4,1
1959,139105034,4,26,2,1
1960,139105034,4,27,2,1
1961,139105038,4,21,5,1
1962,139105038,4,25,4,1
1963,139105038,4,22,3,1
1964,139105038,4,23,6,1
1965,139105038,4,24,4,1
1966,139105038,4,28,4,1
1967,139105038,4,26,3,1
1968,139105038,4,27,3,1
1969,139105042,4,21,1,1
1970,139105042,4,25,1,1
1971,139105042,4,22,1,1
1972,139105042,4,23,2,1
1973,139105042,4,24,1,1
1974,139105042,4,28,2,1
1975,139105042,4,26,2,1
1976,139105042,4,27,1,1
1977,139105058,4,21,3,1
1978,139105058,4,25,5,1
1979,139105058,4,22,3,1
1980,139105058,4,23,3,1
1981,139105058,4,24,2,1
1982,139105058,4,28,1,1
1983,139105058,4,26,2,1
1984,139105058,4,27,3,1
1985,139105064,4,21,3,1
1986,139105064,4,25,2,1
1987,139105064,4,22,4,1
1988,139105064,4,23,3,1
1989,139105064,4,24,4,1
1990,139105064,4,28,2,1
1991,139105064,4,26,3,1
1992,139105064,4,27,2,1
1993,139105066,4,21,4,1
1994,139105066,4,25,3,1
1995,139105066,4,22,2,1
1996,139105066,4,23,3,1
1997,139105066,4,24,2,1
1998,139105066,4,28,2,1
1999,139105066,4,26,3,1
2000,139105066,4,27,3,1
2001,139105068,4,21,3,1
2002,139105068,4,25,4,1
2003,139105068,4,22,3,1
2004,139105068,4,23,2,1
2005,139105068,4,24,4,1
2006,139105068,4,28,2,1
2007,139105068,4,26,2,1
2008,139105068,4,27,2,1
2009,139105070,4,21,2,1
2010,139105070,4,25,2,1
2011,139105070,4,22,2,1
2012,139105070,4,23,3,1
2013,139105070,4,24,1,1
2014,139105070,4,28,2,1
2015,139105070,4,26,2,1
2016,139105070,4,27,2,1
2017,139105074,4,21,6,1
2018,139105074,4,25,5,1
2019,139105074,4,22,5,1
2020,139105074,4,23,5,1
2021,139105074,4,24,5,1
2022,139105074,4,28,5,1
2023,139105074,4,26,5,1
2024,139105074,4,27,4,1
2025,139105076,4,21,6,1
2026,139105076,4,25,5,1
2027,139105076,4,22,3,1
2028,139105076,4,23,4,1
2029,139105076,4,24,4,1
2030,139105076,4,28,5,1
2031,139105076,4,26,4,1
2032,139105076,4,27,4,1
2033,139105082,4,21,5,1
2034,139105082,4,25,5,1
2035,139105082,4,22,4,1
2036,139105082,4,23,3,1
2037,139105082,4,24,6,1
2038,139105082,4,28,3,1
2039,139105082,4,26,3,1
2040,139105082,4,27,3,1
2041,139105086,4,21,1,1
2042,139105086,4,25,1,1
2043,139105086,4,22,3,1
2044,139105086,4,23,3,1
2045,139105086,4,24,1,1
2046,139105086,4,28,5,1
2047,139105086,4,26,3,1
2048,139105086,4,27,1,1
2049,139105088,4,21,5,1
2050,139105088,4,25,5,1
2051,139105088,4,22,4,1
2052,139105088,4,23,4,1
2053,139105088,4,24,4,1
2054,139105088,4,28,5,1
2055,139105088,4,26,3,1
2056,139105088,4,27,2,1
2057,139105090,4,21,4,1
2058,139105090,4,25,4,1
2059,139105090,4,22,2,1
2060,139105090,4,23,2,1
2061,139105090,4,24,3,1
2062,139105090,4,28,2,1
2063,139105090,4,26,2,1
2064,139105090,4,27,2,1
2065,139105096,4,21,6,1
2066,139105096,4,25,5,1
2067,139105096,4,22,5,1
2068,139105096,4,23,5,1
2069,139105096,4,24,5,1
2070,139105096,4,28,5,1
2071,139105096,4,26,5,1
2072,139105096,4,27,3,1
2073,139105102,4,21,5,1
2074,139105102,4,25,5,1
2075,139105102,4,22,3,1
2076,139105102,4,23,4,1
2077,139105102,4,24,2,1
2078,139105102,4,28,4,1
2079,139105102,4,26,3,1
2080,139105102,4,27,2,1
2081,139105112,4,21,4,1
2082,139105112,4,25,4,1
2083,139105112,4,22,3,1
2084,139105112,4,23,2,1
2085,139105112,4,24,4,1
2086,139105112,4,28,2,1
2087,139105112,4,26,1,1
2088,139105112,4,27,2,1
2089,139105114,4,21,4,1
2090,139105114,4,25,3,1
2091,139105114,4,22,2,1
2092,139105114,4,23,2,1
2093,139105114,4,24,3,1
2094,139105114,4,28,1,1
2095,139105114,4,26,1,1
2096,139105114,4,27,2,1
2097,139105116,4,21,2,1
2098,139105116,4,25,2,1
2099,139105116,4,22,3,1
2100,139105116,4,23,1,1
2101,139105116,4,24,1,1
2102,139105116,4,28,3,1
2103,139105116,4,26,2,1
2104,139105116,4,27,2,1
2105,139105118,4,21,6,1
2106,139105118,4,25,5,1
2107,139105118,4,22,6,1
2108,139105118,4,23,5,1
2109,139105118,4,24,4,1
2110,139105118,4,28,6,1
2111,139105118,4,26,5,1
2112,139105118,4,27,3,1
2113,139105138,4,21,4,1
2114,139105138,4,25,2,1
2115,139105138,4,22,3,1
2116,139105138,4,23,2,1
2117,139105138,4,24,4,1
2118,139105138,4,28,1,1
2119,139105138,4,26,2,1
2120,139105138,4,27,3,1
2121,139105142,4,21,4,1
2122,139105142,4,25,3,1
2123,139105142,4,22,4,1
2124,139105142,4,23,3,1
2125,139105142,4,24,5,1
2126,139105142,4,28,5,1
2127,139105142,4,26,3,1
2128,139105142,4,27,3,1
2129,139105144,4,21,3,1
2130,139105144,4,25,3,1
2131,139105144,4,22,4,1
2132,139105144,4,23,3,1
2133,139105144,4,24,4,1
2134,139105144,4,28,3,1
2135,139105144,4,26,2,1
2136,139105144,4,27,3,1
2137,139105146,4,21,6,1
2138,139105146,4,25,4,1
2139,139105146,4,22,4,1
2140,139105146,4,23,4,1
2141,139105146,4,24,5,1
2142,139105146,4,28,4,1
2143,139105146,4,26,5,1
2144,139105146,4,27,4,1
2145,139105150,4,21,5,1
2146,139105150,4,25,5,1
2147,139105150,4,22,5,1
2148,139105150,4,23,2,1
2149,139105150,4,24,5,1
2150,139105150,4,28,5,1
2151,139105150,4,26,1,1
2152,139105150,4,27,4,1
2153,139105154,4,21,6,1
2154,139105154,4,25,5,1
2155,139105154,4,22,5,1
2156,139105154,4,23,4,1
2157,139105154,4,24,5,1
2158,139105154,4,28,4,1
2159,139105154,4,26,4,1
2160,139105154,4,27,4,1
2161,139105162,4,21,6,1
2162,139105162,4,25,5,1
2163,139105162,4,22,3,1
2164,139105162,4,23,4,1
2165,139105162,4,24,5,1
2166,139105162,4,28,2,1
2167,139105162,4,26,2,1
2168,139105162,4,27,4,1
2169,139105170,4,21,3,1
2170,139105170,4,25,1,1
2171,139105170,4,22,3,1
2172,139105170,4,23,2,1
2173,139105170,4,24,3,1
2174,139105170,4,28,3,1
2175,139105170,4,26,1,1
2176,139105170,4,27,2,1
2177,139105172,4,21,5,1
2178,139105172,4,25,4,1
2179,139105172,4,22,4,1
2180,139105172,4,23,4,1
2181,139105172,4,24,4,1
2182,139105172,4,28,5,1
2183,139105172,4,26,2,1
2184,139105172,4,27,3,1
2185,139105180,4,21,6,1
2186,139105180,4,25,6,1
2187,139105180,4,22,4,1
2188,139105180,4,23,4,1
2189,139105180,4,24,6,1
2190,139105180,4,28,4,1
2191,139105180,4,26,4,1
2192,139105180,4,27,3,1
2193,139105190,4,21,3,1
2194,139105190,4,25,4,1
2195,139105190,4,22,2,1
2196,139105190,4,23,2,1
2197,139105190,4,24,2,1
2198,139105190,4,28,3,1
2199,139105190,4,26,2,1
2200,139105190,4,27,2,1
2201,139105194,4,21,6,1
2202,139105194,4,25,4,1
2203,139105194,4,22,4,1
2204,139105194,4,23,4,1
2205,139105194,4,24,5,1
2206,139105194,4,28,4,1
2207,139105194,4,26,4,1
2208,139105194,4,27,5,1
2209,139105198,4,21,3,1
2210,139105198,4,25,4,1
2211,139105198,4,22,1,1
2212,139105198,4,23,2,1
2213,139105198,4,24,3,1
2214,139105198,4,28,1,1
2215,139105198,4,26,2,1
2216,139105198,4,27,2,1
2217,139105204,4,21,4,1
2218,139105204,4,25,1,1
2219,139105204,4,22,3,1
2220,139105204,4,23,3,1
2221,139105204,4,24,1,1
2222,139105204,4,28,2,1
2223,139105204,4,26,2,1
2224,139105204,4,27,1,1
2225,139105212,4,21,5,1
2226,139105212,4,25,3,1
2227,139105212,4,22,3,1
2228,139105212,4,23,3,1
2229,139105212,4,24,3,1
2230,139105212,4,28,2,1
2231,139105212,4,26,2,1
2232,139105212,4,27,3,1
2233,139105214,4,21,2,1
2234,139105214,4,25,2,1
2235,139105214,4,22,2,1
2236,139105214,4,23,2,1
2237,139105214,4,24,1,1
2238,139105214,4,28,2,1
2239,139105214,4,26,1,1
2240,139105214,4,27,1,1
2241,139105216,4,21,4,1
2242,139105216,4,25,3,1
2243,139105216,4,22,4,1
2244,139105216,4,23,4,1
2245,139105216,4,24,4,1
2246,139105216,4,28,5,1
2247,139105216,4,26,3,1
2248,139105216,4,27,3,1
2249,139105220,4,21,4,1
2250,139105220,4,25,5,1
2251,139105220,4,22,4,1
2252,139105220,4,23,2,1
2253,139105220,4,24,3,1
2254,139105220,4,28,1,1
2255,139105220,4,26,4,1
2256,139105220,4,27,3,1
2257,139105238,4,21,2,1
2258,139105238,4,25,2,1
2259,139105238,4,22,2,1
2260,139105238,4,23,2,1
2261,139105238,4,24,2,1
2262,139105238,4,28,3,1
2263,139105238,4,26,3,1
2264,139105238,4,27,2,1
2265,139105240,4,21,4,1
2266,139105240,4,25,3,1
2267,139105240,4,22,4,1
2268,139105240,4,23,4,1
2269,139105240,4,24,4,1
2270,139105240,4,28,4,1
2271,139105240,4,26,3,1
2272,139105240,4,27,3,1
2273,139105246,4,21,5,1
2274,139105246,4,25,3,1
2275,139105246,4,22,5,1
2276,139105246,4,23,3,1
2277,139105246,4,24,4,1
2278,139105246,4,28,5,1
2279,139105246,4,26,3,1
2280,139105246,4,27,3,1
2281,139105248,4,21,5,1
2282,139105248,4,25,2,1
2283,139105248,4,22,6,1
2284,139105248,4,23,3,1
2285,139105248,4,24,4,1
2286,139105248,4,28,2,1
2287,139105248,4,26,2,1
2288,139105248,4,27,2,1
2289,139105250,4,21,4,1
2290,139105250,4,25,5,1
2291,139105250,4,22,5,1
2292,139105250,4,23,5,1
2293,139105250,4,24,6,1
2294,139105250,4,28,4,1
2295,139105250,4,26,4,1
2296,139105250,4,27,4,1
2297,139105252,4,21,6,1
2298,139105252,4,25,4,1
2299,139105252,4,22,6,1
2300,139105252,4,23,3,1
2301,139105252,4,24,6,1
2302,139105252,4,28,4,1
2303,139105252,4,26,2,1
2304,139105252,4,27,3,1
2305,139105254,4,21,1,1
2306,139105254,4,25,1,1
2307,139105254,4,22,1,1
2308,139105254,4,23,1,1
2309,139105254,4,24,1,1
2310,139105254,4,28,1,1
2311,139105254,4,26,1,1
2312,139105254,4,27,1,1
2313,139105256,4,21,1,1
2314,139105256,4,25,1,1
2315,139105256,4,22,2,1
2316,139105256,4,23,1,1
2317,139105256,4,24,1,1
2318,139105256,4,28,2,1
2319,139105256,4,26,2,1
2320,139105256,4,27,1,1
2321,139105260,4,21,5,1
2322,139105260,4,25,4,1
2323,139105260,4,22,2,1
2324,139105260,4,23,3,1
2325,139105260,4,24,4,1
2326,139105260,4,28,4,1
2327,139105260,4,26,2,1
2328,139105260,4,27,3,1
2329,139105264,4,21,2,1
2330,139105264,4,25,1,1
2331,139105264,4,22,2,1
2332,139105264,4,23,2,1
2333,139105264,4,24,2,1
2334,139105264,4,28,4,1
2335,139105264,4,26,2,1
2336,139105264,4,27,1,1
2337,139105266,4,21,6,1
2338,139105266,4,25,5,1
2339,139105266,4,22,4,1
2340,139105266,4,23,5,1
2341,139105266,4,24,6,1
2342,139105266,4,28,5,1
2343,139105266,4,26,5,1
2344,139105266,4,27,3,1
2345,139105270,4,21,1,1
2346,139105270,4,25,1,1
2347,139105270,4,22,1,1
2348,139105270,4,23,1,1
2349,139105270,4,24,1,1
2350,139105270,4,28,3,1
2351,139105270,4,26,3,1
2352,139105270,4,27,1,1
2353,139105276,4,21,4,1
2354,139105276,4,25,4,1
2355,139105276,4,22,5,1
2356,139105276,4,23,5,1
2357,139105276,4,24,5,1
2358,139105276,4,28,4,1
2359,139105276,4,26,3,1
2360,139105276,4,27,3,1
2361,139015278,4,21,3,2
2362,139015278,4,25,3,2
2363,139015278,4,22,3,2
2364,139015278,4,23,3,2
2365,139015278,4,24,4,2
2366,139015278,4,28,4,2
2367,139015278,4,26,4,2
2368,139015278,4,27,4,2
2369,139105280,4,21,3,2
2370,139105280,4,25,3,2
2371,139105280,4,22,4,2
2372,139105280,4,23,2,2
2373,139105280,4,24,4,2
2374,139105280,4,28,1,2
2375,139105280,4,26,3,2
2376,139105280,4,27,2,2
2377,139105284,4,21,3,2
2378,139105284,4,25,2,2
2379,139105284,4,22,2,2
2380,139105284,4,23,2,2
2381,139105284,4,24,2,2
2382,139105284,4,28,2,2
2383,139105284,4,26,2,2
2384,139105284,4,27,2,2
2385,139105286,4,21,5,2
2386,139105286,4,25,3,2
2387,139105286,4,22,4,2
2388,139105286,4,23,4,2
2389,139105286,4,24,4,2
2390,139105286,4,28,2,2
2391,139105286,4,26,3,2
2392,139105286,4,27,3,2
2393,139105288,4,21,3,2
2394,139105288,4,25,2,2
2395,139105288,4,22,4,2
2396,139105288,4,23,3,2
2397,139105288,4,24,5,2
2398,139105288,4,28,3,2
2399,139105288,4,26,3,2
2400,139105288,4,27,3,2
2401,139105290,4,21,5,2
2402,139105290,4,25,3,2
2403,139105290,4,22,4,2
2404,139105290,4,23,4,2
2405,139105290,4,24,3,2
2406,139105290,4,28,1,2
2407,139105290,4,26,3,2
2408,139105290,4,27,2,2
2409,139105294,4,21,3,2
2410,139105294,4,25,4,2
2411,139105294,4,22,3,2
2412,139105294,4,23,3,2
2413,139105294,4,24,3,2
2414,139105294,4,28,2,2
2415,139105294,4,26,3,2
2416,139105294,4,27,4,2
2417,139105296,4,21,4,2
2418,139105296,4,25,3,2
2419,139105296,4,22,7,2
2420,139105296,4,23,4,2
2421,139105296,4,24,6,2
2422,139105296,4,28,1,2
2423,139105296,4,26,4,2
2424,139105296,4,27,4,2
2425,139105302,4,21,4,2
2426,139105302,4,25,3,2
2427,139105302,4,22,5,2
2428,139105302,4,23,3,2
2429,139105302,4,24,5,2
2430,139105302,4,28,2,2
2431,139105302,4,26,3,2
2432,139105302,4,27,4,2
2433,139015304,4,21,5,2
2434,139015304,4,25,3,2
2435,139015304,4,22,6,2
2436,139015304,4,23,5,2
2437,139015304,4,24,6,2
2438,139015304,4,28,4,2
2439,139015304,4,26,4,2
2440,139015304,4,27,4,2
2441,139105308,4,21,3,2
2442,139105308,4,25,3,2
2443,139105308,4,22,2,2
2444,139105308,4,23,2,2
2445,139105308,4,24,4,2
2446,139105308,4,28,2,2
2447,139105308,4,26,3,2
2448,139105308,4,27,2,2
2449,139105312,4,21,1,2
2450,139105312,4,25,2,2
2451,139105312,4,22,2,2
2452,139105312,4,23,2,2
2453,139105312,4,24,2,2
2454,139105312,4,28,1,2
2455,139105312,4,26,2,2
2456,139105312,4,27,2,2
2457,139105316,4,21,1,2
2458,139105316,4,25,2,2
2459,139105316,4,22,5,2
2460,139105316,4,23,1,2
2461,139105316,4,24,1,2
2462,139105316,4,28,3,2
2463,139105316,4,26,2,2
2464,139105316,4,27,1,2
2465,139105318,4,21,4,2
2466,139105318,4,25,3,2
2467,139105318,4,22,5,2
2468,139105318,4,23,4,2
2469,139105318,4,24,4,2
2470,139105318,4,28,3,2
2471,139105318,4,26,3,2
2472,139105318,4,27,4,2
2473,139105320,4,21,6,2
2474,139105320,4,25,4,2
2475,139105320,4,22,6,2
2476,139105320,4,23,7,2
2477,139105320,4,24,7,2
2478,139105320,4,28,4,2
2479,139105320,4,26,5,2
2480,139105320,4,27,4,2
2481,139105322,4,21,1,2
2482,139105322,4,25,2,2
2483,139105322,4,22,2,2
2484,139105322,4,23,2,2
2485,139105322,4,24,2,2
2486,139105322,4,28,3,2
2487,139105322,4,26,1,2
2488,139105322,4,27,1,2
2489,139105324,4,21,4,2
2490,139105324,4,25,3,2
2491,139105324,4,22,4,2
2492,139105324,4,23,4,2
2493,139105324,4,24,4,2
2494,139105324,4,28,3,2
2495,139105324,4,26,4,2
2496,139105324,4,27,3,2
2497,139105326,4,21,5,2
2498,139105326,4,25,3,2
2499,139105326,4,22,4,2
2500,139105326,4,23,4,2
2501,139105326,4,24,5,2
2502,139105326,4,28,5,2
2503,139105326,4,26,3,2
2504,139105326,4,27,3,2
2505,139105328,4,21,6,2
2506,139105328,4,25,4,2
2507,139105328,4,22,4,2
2508,139105328,4,23,4,2
2509,139105328,4,24,6,2
2510,139105328,4,28,4,2
2511,139105328,4,26,3,2
2512,139105328,4,27,3,2
2513,139105332,4,21,1,2
2514,139105332,4,25,1,2
2515,139105332,4,22,5,2
2516,139105332,4,23,1,2
2517,139105332,4,24,3,2
2518,139105332,4,28,3,2
2519,139105332,4,26,2,2
2520,139105332,4,27,2,2
2521,139105334,4,21,1,2
2522,139105334,4,25,2,2
2523,139105334,4,22,2,2
2524,139105334,4,23,1,2
2525,139105334,4,24,1,2
2526,139105334,4,28,2,2
2527,139105334,4,26,1,2
2528,139105334,4,27,1,2
2529,139105336,4,21,2,2
2530,139105336,4,25,2,2
2531,139105336,4,22,3,2
2532,139105336,4,23,4,2
2533,139105336,4,24,3,2
2534,139105336,4,28,5,2
2535,139105336,4,26,3,2
2536,139105336,4,27,3,2
2537,139105338,4,21,4,2
2538,139105338,4,25,3,2
2539,139105338,4,22,4,2
2540,139105338,4,23,4,2
2541,139105338,4,24,3,2
2542,139105338,4,28,4,2
2543,139105338,4,26,3,2
2544,139105338,4,27,3,2
2545,139105340,4,21,3,2
2546,139105340,4,25,3,2
2547,139105340,4,22,2,2
2548,139105340,4,23,3,2
2549,139105340,4,24,2,2
2550,139105340,4,28,3,2
2551,139105340,4,26,2,2
2552,139105340,4,27,1,2
2553,139105342,4,21,1,2
2554,139105342,4,25,1,2
2555,139105342,4,22,2,2
2556,139105342,4,23,2,2
2557,139105342,4,24,3,2
2558,139105342,4,28,4,2
2559,139105342,4,26,1,2
2560,139105342,4,27,2,2
2561,139105344,4,21,1,2
2562,139105344,4,25,2,2
2563,139105344,4,22,2,2
2564,139105344,4,23,3,2
2565,139105344,4,24,4,2
2566,139105344,4,28,1,2
2567,139105344,4,26,3,2
2568,139105344,4,27,3,2
2569,139105246,4,21,3,2
2570,139105246,4,25,3,2
2571,139105246,4,22,4,2
2572,139105246,4,23,2,2
2573,139105246,4,24,5,2
2574,139105246,4,28,3,2
2575,139105246,4,26,3,2
2576,139105246,4,27,3,2
2577,139105348,4,21,3,2
2578,139105348,4,25,3,2
2579,139105348,4,22,4,2
2580,139105348,4,23,3,2
2581,139105348,4,24,4,2
2582,139105348,4,28,3,2
2583,139105348,4,26,3,2
2584,139105348,4,27,3,2
2585,139105350,4,21,2,2
2586,139105350,4,25,2,2
2587,139105350,4,22,3,2
2588,139105350,4,23,2,2
2589,139105350,4,24,3,2
2590,139105350,4,28,3,2
2591,139105350,4,26,2,2
2592,139105350,4,27,2,2
2593,139105354,4,21,6,2
2594,139105354,4,25,3,2
2595,139105354,4,22,6,2
2596,139105354,4,23,3,2
2597,139105354,4,24,6,2
2598,139105354,4,28,4,2
2599,139105354,4,26,3,2
2600,139105354,4,27,3,2
2601,139105358,4,21,2,2
2602,139105358,4,25,2,2
2603,139105358,4,22,3,2
2604,139105358,4,23,3,2
2605,139105358,4,24,2,2
2606,139105358,4,28,2,2
2607,139105358,4,26,3,2
2608,139105358,4,27,2,2
2609,139105360,4,21,6,2
2610,139105360,4,25,3,2
2611,139105360,4,22,7,2
2612,139105360,4,23,3,2
2613,139105360,4,24,4,2
2614,139105360,4,28,4,2
2615,139105360,4,26,3,2
2616,139105360,4,27,2,2
2617,139105364,4,21,5,2
2618,139105364,4,25,3,2
2619,139105364,4,22,5,2
2620,139105364,4,23,3,2
2621,139105364,4,24,5,2
2622,139105364,4,28,6,2
2623,139105364,4,26,4,2
2624,139105364,4,27,2,2
2625,139105366,4,21,2,2
2626,139105366,4,25,2,2
2627,139105366,4,22,3,2
2628,139105366,4,23,1,2
2629,139105366,4,24,4,2
2630,139105366,4,28,2,2
2631,139105366,4,26,1,2
2632,139105366,4,27,2,2
2633,139105368,4,21,3,2
2634,139105368,4,25,1,2
2635,139105368,4,22,3,2
2636,139105368,4,23,2,2
2637,139105368,4,24,3,2
2638,139105368,4,28,3,2
2639,139105368,4,26,2,2
2640,139105368,4,27,2,2
2641,139105370,4,21,2,2
2642,139105370,4,25,3,2
2643,139105370,4,22,3,2
2644,139105370,4,23,1,2
2645,139105370,4,24,2,2
2646,139105370,4,28,1,2
2647,139105370,4,26,2,2
2648,139105370,4,27,2,2
2649,139105374,4,21,5,2
2650,139105374,4,25,4,2
2651,139105374,4,22,6,2
2652,139105374,4,23,3,2
2653,139105374,4,24,5,2
2654,139105374,4,28,6,2
2655,139105374,4,26,4,2
2656,139105374,4,27,4,2
2657,139105376,4,21,3,2
2658,139105376,4,25,3,2
2659,139105376,4,22,2,2
2660,139105376,4,23,2,2
2661,139105376,4,24,2,2
2662,139105376,4,28,5,2
2663,139105376,4,26,3,2
2664,139105376,4,27,3,2
2665,139105378,4,21,6,2
2666,139105378,4,25,3,2
2667,139105378,4,22,6,2
2668,139105378,4,23,3,2
2669,139105378,4,24,6,2
2670,139105378,4,28,4,2
2671,139105378,4,26,3,2
2672,139105378,4,27,3,2
2673,139105380,4,21,1,2
2674,139105380,4,25,3,2
2675,139105380,4,22,3,2
2676,139105380,4,23,3,2
2677,139105380,4,24,3,2
2678,139105380,4,28,2,2
2679,139105380,4,26,3,2
2680,139105380,4,27,3,2
2681,139105386,4,21,4,2
2682,139105386,4,25,3,2
2683,139105386,4,22,5,2
2684,139105386,4,23,3,2
2685,139105386,4,24,5,2
2686,139105386,4,28,4,2
2687,139105386,4,26,4,2
2688,139105386,4,27,4,2
2689,139105390,4,21,4,2
2690,139105390,4,25,3,2
2691,139105390,4,22,3,2
2692,139105390,4,23,3,2
2693,139105390,4,24,4,2
2694,139105390,4,28,2,2
2695,139105390,4,26,4,2
2696,139105390,4,27,3,2
2697,139105392,4,21,1,2
2698,139105392,4,25,2,2
2699,139105392,4,22,3,2
2700,139105392,4,23,3,2
2701,139105392,4,24,2,2
2702,139105392,4,28,5,2
2703,139105392,4,26,2,2
2704,139105392,4,27,2,2
2705,139105394,4,21,4,2
2706,139105394,4,25,3,2
2707,139105394,4,22,4,2
2708,139105394,4,23,3,2
2709,139105394,4,24,4,2
2710,139105394,4,28,4,2
2711,139105394,4,26,2,2
2712,139105394,4,27,3,2
2713,139105396,4,21,3,2
2714,139105396,4,25,3,2
2715,139105396,4,22,3,2
2716,139105396,4,23,2,2
2717,139105396,4,24,4,2
2718,139105396,4,28,3,2
2719,139105396,4,26,2,2
2720,139105396,4,27,2,2
2721,139105398,4,21,5,2
2722,139105398,4,25,4,2
2723,139105398,4,22,4,2
2724,139105398,4,23,3,2
2725,139105398,4,24,3,2
2726,139105398,4,28,3,2
2727,139105398,4,26,3,2
2728,139105398,4,27,2,2
2729,139105400,4,21,1,2
2730,139105400,4,25,2,2
2731,139105400,4,22,1,2
2732,139105400,4,23,1,2
2733,139105400,4,24,2,2
2734,139105400,4,28,2,2
2735,139105400,4,26,1,2
2736,139105400,4,27,2,2
2737,139105404,4,21,4,2
2738,139105404,4,25,3,2
2739,139105404,4,22,4,2
2740,139105404,4,23,4,2
2741,139105404,4,24,3,2
2742,139105404,4,28,4,2
2743,139105404,4,26,2,2
2744,139105404,4,27,3,2
2745,139105405,4,21,1,2
2746,139105405,4,25,1,2
2747,139105405,4,22,1,2
2748,139105405,4,23,1,2
2749,139105405,4,24,1,2
2750,139105405,4,28,1,2
2751,139105405,4,26,1,2
2752,139105405,4,27,1,2
2753,139105406,4,21,3,2
2754,139105406,4,25,3,2
2755,139105406,4,22,2,2
2756,139105406,4,23,3,2
2757,139105406,4,24,2,2
2758,139105406,4,28,1,2
2759,139105406,4,26,2,2
2760,139105406,4,27,1,2
2761,130105407,4,21,2,2
2762,130105407,4,25,3,2
2763,130105407,4,22,1,2
2764,130105407,4,23,2,2
2765,130105407,4,24,1,2
2766,130105407,4,28,2,2
2767,130105407,4,26,2,2
2768,130105407,4,27,2,2
2769,139105408,4,21,3,2
2770,139105408,4,25,3,2
2771,139105408,4,22,3,2
2772,139105408,4,23,3,2
2773,139105408,4,24,4,2
2774,139105408,4,28,1,2
2775,139105408,4,26,2,2
2776,139105408,4,27,2,2
2777,139105409,4,21,4,2
2778,139105409,4,25,3,2
2779,139105409,4,22,4,2
2780,139105409,4,23,3,2
2781,139105409,4,24,4,2
2782,139105409,4,28,2,2
2783,139105409,4,26,3,2
2784,139105409,4,27,2,2
2785,139105410,4,21,2,2
2786,139105410,4,25,2,2
2787,139105410,4,22,2,2
2788,139105410,4,23,1,2
2789,139105410,4,24,4,2
2790,139105410,4,28,3,2
2791,139105410,4,26,1,2
2792,139105410,4,27,3,2
2793,139105411,4,21,7,2
2794,139105411,4,25,6,2
2795,139105411,4,22,7,2
2796,139105411,4,23,7,2
2797,139105411,4,24,7,2
2798,139105411,4,28,4,2
2799,139105411,4,26,,2
2800,139105411,4,27,6,2
2801,139105412,4,21,7,2
2802,139105412,4,25,3,2
2803,139105412,4,22,6,2
2804,139105412,4,23,6,2
2805,139105412,4,24,7,2
2806,139105412,4,28,7,2
2807,139105412,4,26,6,2
2808,139105412,4,27,4,2
2809,139105413,4,21,2,2
2810,139105413,4,25,1,2
2811,139105413,4,22,2,2
2812,139105413,4,23,1,2
2813,139105413,4,24,2,2
2814,139105413,4,28,2,2
2815,139105413,4,26,2,2
2816,139105413,4,27,1,2
2817,139105414,4,21,3,2
2818,139105414,4,25,2,2
2819,139105414,4,22,2,2
2820,139105414,4,23,3,2
2821,139105414,4,24,3,2
2822,139105414,4,28,3,2
2823,139105414,4,26,2,2
2824,139105414,4,27,3,2
2825,139105415,4,21,3,2
2826,139105415,4,25,1,2
2827,139105415,4,22,4,2
2828,139105415,4,23,2,2
2829,139105415,4,24,3,2
2830,139105415,4,28,3,2
2831,139105415,4,26,1,2
2832,139105415,4,27,3,2
